Enrollment,Name,Date,Time
63,Siddu,2024-12-21,09:58:46

63,Siid,2024-12-21,10:13:40

63,siddu,2024-12-21,11:14:24

546,sieu,2024-12-21,11:18:00

63,Siddu,2024-12-21,11:20:44

63,Siddu,2024-12-21,11:20:55

63,Siddu,2024-12-21,11:21:44

63,Siddu,2024-12-21,11:21:56

71,Owais ,2024-12-23,13:11:40
71,Owais,2024-12-23,13:14:09
34,vvv,2024-12-23,13:18:48
45,hhhh,2024-12-23,13:25:04
71,owais,2024-12-23,13:55:30
71,owais,2024-12-23,14:00:51
71,owais,2024-12-23,14:01:59
71,owais,2024-12-23,14:02:42
71,owais,2024-12-23,14:03:28
71,owais,2024-12-23,14:06:26
71,owais,2024-12-23,14:08:38
71,owais,2024-12-23,14:08:46
71,owais,2024-12-23,14:08:56
71,owais,2024-12-23,14:09:11
